pep,train_ae positive pairs_20,train_ae negative pairs_20,validation_ae positive pairs_20,validation_ae negative pairs_20,test_ae positive pairs_20,test_ae negative pairs_20,train_lstm positive pairs_20,train_lstm negative pairs_20,validation_lstm positive pairs_20,validation_lstm negative pairs_20,test_lstm positive pairs_20,test_lstm negative pairs_20,ae_auc,lstm_auc
MIELSLIDFY,4835,18551,1121,3633,633,1866,4769,18203,1181,3878,633,1890,0.8107,0.8106
IELSLIDFYL,4743,18561,1132,3702,658,1918,4681,18164,1188,3776,658,1953,0.8118,0.8135
LLFLVLIML,4736,18573,1145,3691,631,1941,4730,18256,1152,3770,631,1988,0.8131,0.8123
IDFYLCFLAF,4726,18746,1198,3871,577,1771,4798,18703,1122,3608,577,1801,0.8334,0.8151
FYLCFLAFLL,4722,18648,1134,3615,621,2010,4717,18558,1141,3649,621,1971,0.8202,0.8396
FLAFLLFLV,4719,18414,1141,3758,588,1785,4730,18254,1130,3598,588,1811,0.821,0.8371
LIDFYLCFL,4689,18148,1180,3950,661,1830,4692,18810,1181,3726,661,1825,0.8007,0.8086
YLCFLAFLL,4648,18837,1133,3582,661,2061,4646,18015,1134,3648,661,2082,0.7984,0.8337
SLIDFYLCFL,4625,18301,1096,3634,627,1965,4578,18165,1146,3814,627,1923,0.814,0.8408
AFLLFLVLI,4623,18301,1200,3993,596,1805,4732,18670,1098,3716,596,1819,0.8274,0.7904
FYLCFLAFL,4616,18287,1109,3735,651,1953,4659,18679,1066,3534,651,1936,0.8262,0.8367
HTTDPSFLGRY,2309,11783,513,2551,274,1439,2303,11535,503,2349,274,1467,0.8076,0.8194
YINVFAFPF,1588,8050,345,1791,192,967,1586,8248,356,1812,192,1016,0.8713,0.954
INVFAFPFTI,1586,8170,360,1835,205,1051,1597,8153,350,1806,205,1023,0.8553,0.9507
NVFAFPFTIY,1581,8252,332,1661,203,997,1530,7789,382,1792,203,995,0.8737,0.9339
FLWLLWPVTL,1546,7908,374,1784,207,925,1564,8227,355,1524,207,923,0.7962,0.925
AFPFTIYSL,1540,8028,338,1571,192,907,1522,7955,363,1823,192,905,0.8641,0.9082
MGYINVFAF,1526,7854,349,1660,211,1097,1528,7595,342,1777,211,1099,0.8784,0.9535
NVFAFPFTI,1521,7908,346,1758,183,906,1537,7873,320,1690,183,902,0.8746,0.9507
WLLWPVTLA,1507,7788,349,1609,176,754,1492,7638,362,1699,176,765,0.83,0.9264
GYINVFAFPF,1491,7762,374,1877,208,959,1527,7970,343,1646,208,982,0.8801,0.9333
FVDGVPFVV,1489,8194,386,1801,226,1145,1528,7783,347,1580,226,1154,0.6331,0.7319
LWPVTLACF,1486,7742,357,1680,200,935,1483,7681,358,1658,200,933,0.8045,0.9069
WPVTLACFVL,1481,7854,376,1711,194,902,1500,7519,358,1755,194,882,0.7636,0.9241
LWLLWPVTL,1477,7740,313,1453,211,1017,1437,7539,359,1598,211,1018,0.7646,0.916
FLWLLWPVT,1455,7372,396,1883,201,905,1506,7827,351,1635,201,920,0.8032,0.9213
TLACFVLAAV,1446,7516,389,1784,203,1032,1483,7479,355,1764,203,1027,0.8155,0.9155
KLSYGIATV,1444,7292,302,1652,165,841,1381,7461,368,1987,165,820,0.701,0.7697
FLNGSCGSV,1369,7667,294,1616,173,872,1331,7301,336,1802,173,870,0.7103,0.7829
YQIGGYTEK,1276,7000,259,1633,154,886,1279,7014,261,1402,154,896,0.9138,0.938
SEHDYQIGGYTEKW,1263,6924,285,1581,117,652,1256,6717,276,1625,117,670,0.9466,0.9478
YQIGGYTEKW,1239,6761,275,1515,147,975,1245,6483,265,1554,147,978,0.9018,0.9342
KEIIFLEGETL,777,4232,171,889,108,608,761,4513,184,998,108,603,0.6928,0.7876
LQSINFVRI,738,4013,155,799,92,477,733,4049,161,776,92,485,0.9283,0.9652
FLQSINFVRI,734,3938,180,1009,97,439,724,4168,196,1024,97,437,0.8826,0.9533
QSINFVRII,726,3945,171,775,91,453,725,3919,174,851,91,444,0.8975,0.9717
YLYALVYFL,726,4118,171,837,93,470,718,3882,172,951,93,457,0.8778,0.9732
INFVRIIMR,725,4101,167,809,87,544,733,4047,159,812,87,540,0.929,0.9636
VYFLQSINF,712,3771,175,934,93,559,715,4018,172,923,93,576,0.9354,0.9683
VYFLQSINFV,701,3882,171,949,110,601,711,4133,157,653,110,598,0.9179,0.9815
SINFVRIIMR,698,3844,156,813,80,341,693,3698,163,891,80,334,0.898,0.9649
APKEIIFL,692,3818,179,906,94,513,689,3956,183,988,94,498,0.7079,0.8118
YFLQSINFVR,689,3946,172,835,110,629,708,3729,158,901,110,628,0.9056,0.9767
LQSINFVRII,689,3865,173,909,116,581,706,4096,155,732,116,569,0.8906,0.9562
FLYLYALVYF,685,3666,182,1032,103,514,682,3904,187,872,103,512,0.9149,0.971
FLQSINFVR,682,3739,180,850,86,416,696,4040,164,770,86,411,0.8858,0.9624
GLEAPFLYLY,677,3891,172,842,127,679,688,3616,163,837,127,668,0.9033,0.9591
VQELYSPIF,672,3725,159,876,77,474,679,3878,150,882,77,483,0.7566,0.9215
VQELYSPIFL,669,3742,157,755,81,492,668,3811,158,831,81,485,0.7965,0.904
LYSPIFLIV,668,3875,178,968,67,388,672,3785,176,1024,67,376,0.7434,0.901
LSPRWYFYY,657,3617,155,839,82,429,648,3650,161,866,82,433,0.6905,0.7638
QELYSPIFL,649,3580,156,848,94,479,629,3508,179,979,94,477,0.7741,0.9312
ELYSPIFLI,637,3566,151,825,90,446,637,3721,152,826,90,448,0.7573,0.9304
SPRWYFYYL,620,3445,126,676,83,503,613,3490,130,764,83,510,0.7156,0.8196
VTPSGTWLTY,580,3327,116,530,74,433,573,3115,124,627,74,422,0.7468,0.8967
LLDDFVEII,579,3149,122,517,55,273,572,3197,131,670,55,268,0.797,0.8305
TPSGTWLTY,574,3374,137,844,75,459,580,3114,128,649,75,451,0.7342,0.8716
AEAELAKNVSL,564,3221,135,687,85,445,550,2931,148,770,85,449,0.6659,0.822
GMEVTPSGTWL,553,2906,117,578,65,268,565,3096,104,564,65,266,0.7709,0.8844
AELAKNVSLDNVL,550,3252,127,606,63,356,535,3126,140,805,63,362,0.6233,0.7755
MEVTPSGTWL,550,3078,131,695,75,412,555,3212,128,741,75,419,0.7366,0.9149
LLLDDFVEI,549,2979,117,578,63,368,528,2955,140,802,63,367,0.747,0.8506
EDFLEYHDVR,527,2897,131,643,71,385,537,3171,123,645,71,376,0.8555,0.9208
DFLEYHDVR,517,2754,124,647,65,258,522,2995,118,681,65,257,0.8401,0.8923
QYIKWPWYI,505,2910,110,609,79,320,495,2819,122,630,79,319,0.6856,0.8039
YEQYIKWPWY,497,2770,122,627,80,379,493,2905,123,567,80,373,0.6705,0.8609
LEYHDVRVV,494,2871,123,648,73,321,492,2827,124,663,73,324,0.7923,0.8965
LEYHDVRVVL,493,2495,119,699,65,315,503,2996,111,676,65,311,0.7815,0.892
YEDFLEYHDVRVVL,491,2846,137,853,66,375,518,2864,110,596,66,383,0.7926,0.9451
RFPNITNLCPF,483,2527,101,600,64,319,480,2753,107,629,64,318,0.75,0.88
YEQYIKWPW,479,2748,127,670,57,325,495,2957,111,568,57,326,0.7092,0.8252
FLPRVFSAV,471,2593,100,570,53,318,457,2467,116,607,53,309,0.5708,0.6574
SELVIGAVIL,467,2688,101,554,51,252,459,2530,109,614,51,254,0.6997,0.7788
VLWAHGFEL,459,2374,91,638,49,290,445,2552,103,442,49,280,0.7332,0.7463
VRFPNITNL,457,2617,100,532,62,353,439,2687,116,565,62,347,0.7762,0.8925
VQPTESIVRF,452,2585,97,491,52,257,444,2753,105,475,52,254,0.8087,0.9487
APAHISTI,452,2446,108,488,41,232,454,2532,106,591,41,220,0.7083,0.8128
FPNITNLCPF,450,2668,118,640,54,288,466,2473,106,612,54,287,0.756,0.9329
IMLIIFWFSL,448,2412,75,392,49,239,396,2284,127,634,49,227,0.8003,0.8741
TESIVRFPNI,444,2581,103,629,54,319,444,2557,106,555,54,317,0.8036,0.9278
SELVIGAVI,443,2504,124,658,53,300,462,2777,106,552,53,294,0.7526,0.8432
LIVNSVLLFL,441,2350,108,454,69,382,429,2313,117,699,69,379,0.6582,0.8802
SVLLFLAFV,431,2456,108,641,59,244,442,2568,98,502,59,254,0.6828,0.8766
LPFNDGVYFA,418,2264,101,543,55,267,413,2301,106,590,55,268,0.8234,0.9327
GVYFASTEK,416,2424,108,588,57,315,436,2509,90,576,57,316,0.8599,0.9394
MLIIFWFSL,416,2438,95,445,46,240,408,2298,103,690,46,240,0.7826,0.835
VLPFNDGVY,415,2373,103,566,67,439,416,2363,106,523,67,433,0.8134,0.9474
VLPFNDGVYF,410,2196,104,641,59,305,425,2362,87,466,59,301,0.7954,0.9063
LPFNDGVYF,410,2666,109,506,58,284,399,2256,120,735,58,280,0.7606,0.9011
QPTESIVRF,409,2168,88,441,70,530,398,2277,106,605,70,537,0.8071,0.9243
DGVYFASTEK,408,2428,111,549,74,354,415,2202,104,562,74,349,0.8291,0.9051
TVYSHLLLV,404,2271,114,553,56,262,423,2269,96,473,56,257,0.6057,0.8233
LLFVTVYSHL,399,2401,117,636,52,341,415,2447,100,465,52,332,0.5206,0.7987
LLFLAFVVFL,399,2317,122,594,72,377,428,2452,95,577,72,388,0.6252,0.8682
KLPDDFTGCV,397,2221,99,448,54,334,392,2181,104,675,54,337,0.7162,0.7201
FVCNLLLLFV,382,2217,95,534,54,246,375,2067,102,497,54,236,0.7072,0.8501
RQLLFVVEV,378,2432,93,632,48,236,384,2309,90,523,48,230,0.6853,0.6929
QLMCQPILLL,352,2015,86,477,27,121,365,2009,67,419,27,119,0.8633,0.851
TVLSFCAFA,332,1959,87,517,48,236,349,1837,72,460,48,230,0.8063,0.9033
LTDEMIAQYT,315,1793,62,314,41,318,291,1591,87,457,41,327,0.707,0.8677
QLMCQPILL,314,1879,82,473,43,240,315,1936,80,539,43,237,0.8199,0.8825
KAYNVTQAF,310,1732,95,600,38,249,334,1957,71,484,38,263,0.6963,0.7994
VLPPLLTDEMIAQY,303,1698,59,352,50,311,285,1760,79,408,50,315,0.7893,0.8862
LLTDEMIAQY,302,1740,79,436,38,212,310,1901,70,294,38,215,0.8014,0.8894
VLSFCAFAV,299,1754,74,418,42,226,301,1640,71,379,42,233,0.8673,0.8359
NPLLYDANY,284,1537,72,402,42,189,291,1618,64,367,42,189,0.7509,0.9264
MVMCGGSLYV,280,1534,63,338,34,209,270,1670,70,367,34,208,0.7281,0.7959
LTDEMIAQY,279,1581,86,557,41,274,302,1917,65,401,41,275,0.8834,0.8876
LLYDANYFLC,277,1507,71,455,50,327,280,1578,67,364,50,330,0.7546,0.9221
PLLYDANYFL,275,1714,59,347,32,193,270,1354,56,294,32,191,0.7749,0.9425
LYDANYFLCW,274,1614,71,385,31,146,284,1672,63,391,31,149,0.7545,0.8533
FLYIIKLVFL,271,1467,66,371,27,135,277,1603,59,291,27,130,0.7401,0.9063
VMCGGSLYV,271,1548,61,245,25,193,277,1756,53,264,25,195,0.6282,0.7802
RFLYIIKLIF,270,1446,64,280,34,189,254,1494,80,406,34,187,0.8009,0.9827
LLYDANYFL,269,1642,77,546,35,196,286,1671,58,318,35,198,0.7986,0.9571
LYIIKLIFL,263,1418,53,287,26,93,274,1584,42,173,26,92,0.8127,0.9269
YDANYFLCW,263,1550,84,535,35,269,275,1565,70,399,35,269,0.7951,0.9505
FLYIIKLIFL,261,1416,66,393,32,164,254,1477,73,451,32,162,0.8365,0.9051
FGEVFNATRF,250,1380,65,408,37,188,254,1381,62,318,37,189,0.8215,0.9006
YIIKLIFLW,246,1413,60,268,22,116,244,1386,60,352,22,118,0.6648,0.9426
YIIKLIFLWL,246,1600,63,339,30,121,247,1542,62,361,30,122,0.7538,0.9698
YLNTLTLAV,243,1180,48,248,27,183,243,1330,49,266,27,187,0.7204,0.7757
TLIGDCATV,243,1498,59,277,40,172,244,1412,60,320,40,174,0.6349,0.734
AYSNNSIAIPTNF,243,1450,53,321,26,102,248,1310,48,345,26,102,0.7817,0.9215
LYIIKLIFLW,235,1445,61,378,30,220,235,1284,63,357,30,218,0.8677,0.9281
FNATRFASVY,235,1572,60,331,25,109,245,1302,49,305,25,112,0.772,0.8397
NATRFASVY,228,1345,56,335,32,144,230,1392,56,331,32,144,0.7758,0.9313
MPASWVMRI,225,1273,53,338,30,154,221,1434,55,303,30,147,0.6543,0.773
LLLLDRLNQL,223,1308,54,324,29,165,210,1229,65,432,29,164,0.7077,0.8634
LLLLDRLNQ,221,1338,39,176,25,167,211,1060,49,247,25,173,0.7177,0.9574
GDAALALLLL,221,1225,52,285,40,260,213,1360,60,331,40,257,0.8071,0.914
GEVFNATRF,219,1306,55,345,36,171,215,1289,59,319,36,176,0.8125,0.8625
LALLLLDRL,217,1127,43,242,37,157,214,1229,44,259,37,156,0.8029,0.9165
FPPTSFGPL,216,1310,48,228,28,185,193,1113,70,367,28,187,0.7503,0.7705
VLHSYFTSDY,209,1135,58,267,26,146,223,1349,46,255,26,146,0.7677,0.8851
LPFFSNVTWF,207,1089,27,286,11,130,210,1413,22,237,11,130,0.9434,0.9874
ALALLLLDR,207,1168,54,224,36,238,204,1240,58,357,36,241,0.793,0.9453
IPTNFTISV,206,1192,59,422,23,161,225,1442,44,325,23,158,0.8612,0.8956
VPHVGEIPVAY,205,1329,52,228,27,176,218,1217,37,218,27,177,0.6717,0.785
KPLEFGATSAAL,205,1084,61,338,37,208,212,1150,53,358,37,205,0.6796,0.7375
LLLDRLNQL,203,1098,57,405,30,162,201,1097,59,304,30,160,0.8554,0.9744
PFFSNVTWF,202,1024,26,240,15,179,190,1130,37,336,15,182,0.8228,0.8526
LPFFSNVTW,201,1127,26,245,13,121,201,1277,26,258,13,121,0.8677,0.927
ILGTVSWNL,200,1141,54,305,27,179,205,1085,47,323,27,178,0.803,0.8658
SNEKQEILGTVSW,200,1141,48,321,27,154,205,1287,46,338,27,156,0.7227,0.8456
FFSNVTWFH,199,1185,27,232,8,84,203,1284,26,218,8,79,0.75,0.9702
SNVTWFHAI,199,1185,27,279,15,150,197,1202,25,286,15,149,0.9603,0.9343
YFTSDYYQLY,198,1045,56,329,27,125,210,1226,47,291,27,121,0.6833,0.86
NSIAIPTNF,197,1109,53,299,35,243,218,1219,33,228,35,244,0.7556,0.8952
AIPTNFTISV,196,1066,58,390,28,173,201,1115,53,333,28,175,0.8483,0.9443
YYVGYLQPRTF,194,1174,30,184,14,58,192,1001,31,255,14,59,0.9242,0.9643
ASQSIIAYTM,191,1082,41,266,28,179,187,1055,44,261,28,176,0.7348,0.8805
RSVASQSII,188,1139,54,333,30,99,208,1226,36,259,30,102,0.6531,0.8472
KVSIWNLDYI,187,1079,38,168,24,112,176,1072,49,255,24,111,0.6856,0.9686
SYFTSDYYQL,187,992,43,337,22,122,188,1119,44,305,22,124,0.7355,0.7921
FLPFFSNVT,186,918,25,335,19,157,193,1086,23,171,19,155,0.9473,0.9667
GEIPVAYRKVLL,186,1018,55,251,26,127,196,1142,45,269,26,122,0.6802,0.8324
VASQSIIAY,186,1074,43,199,28,183,182,1170,47,299,28,186,0.7808,0.9103
SIWNLDYII,184,956,49,244,19,118,193,1182,40,227,19,116,0.7809,0.8539
SIIAYTMSL,183,1092,46,287,17,171,178,981,51,331,17,170,0.7051,0.9014
SQSIIAYTM,183,1058,50,357,32,204,182,1129,50,304,32,198,0.7441,0.9532
WICLLQFAY,181,1026,40,220,22,134,181,1077,41,197,22,135,0.6843,0.5567
VSIWNLDYII,176,1045,31,167,29,195,165,958,42,257,29,191,0.8761,0.9502
IMRTFKVSI,174,883,46,269,19,107,173,992,47,261,19,106,0.7119,0.9592
YLQPRTFLL,173,1081,35,248,30,207,167,1116,40,196,30,203,0.8951,0.9079
ILLIIMRTFK,172,1035,45,276,25,118,170,945,47,258,25,118,0.8251,0.9582
NYLYRLFRK,172,955,18,144,22,117,161,890,35,196,22,116,0.8288,0.939
KVSIWNLDY,171,972,48,198,17,65,171,1002,48,254,17,70,0.7618,0.9844
TFKVSIWNL,171,979,40,248,32,150,166,973,45,237,32,154,0.7902,0.9359
FKVSIWNLDY,169,965,49,324,25,133,173,893,45,215,25,131,0.7239,0.9905
LIIMRTFKV,168,884,44,239,14,98,179,1053,32,160,14,95,0.7661,0.9736
RTFKVSIWNL,167,955,46,250,25,104,163,1050,50,253,25,101,0.7579,0.9574
YIFFASFYY,167,1007,26,143,13,122,162,959,29,192,13,122,0.5836,0.6437
KVPTDNYITTY,165,917,40,257,19,139,167,961,40,233,19,136,0.7747,0.8601
ALRKVPTDNYITTY,164,1071,26,202,18,86,171,1019,25,163,18,87,0.8526,0.8971
NYNYLYRLF,161,1043,36,219,15,113,159,983,35,290,15,112,0.8858,0.9036
LEPLVDLPI,155,883,36,227,25,157,155,925,36,183,25,156,0.6421,0.7216
ITLATCELY,155,840,30,163,21,91,143,903,42,266,21,94,0.669,0.8914
CELYHYQECV,154,907,37,238,12,50,146,806,46,268,12,50,0.5865,0.8
AYKTFPPTEPK,154,950,36,192,15,93,153,899,38,223,15,93,0.8007,0.7914
KTFPPTEPK,154,770,40,168,14,64,159,823,34,154,14,63,0.7593,0.8592
YLQPRTFL,150,915,46,304,22,156,161,1041,34,169,22,158,0.8809,0.9791
YLDAYNMMI,150,853,31,181,17,67,147,907,35,193,17,69,0.6392,0.6089
LITLATCELY,145,746,41,263,24,118,156,945,30,178,24,119,0.8141,0.8924
TLATCELYHY,142,856,33,168,28,187,143,944,32,170,28,189,0.7131,0.8717
APSASAFFGM,140,943,19,98,25,100,132,859,27,183,25,98,0.8957,0.9087
MWSFNPETNI,137,993,30,194,10,78,133,792,34,217,10,78,0.8466,0.8801
KLWAQCVQL,137,875,32,186,14,93,126,728,42,243,14,93,0.5876,0.8093
RLQSLQTYV,133,883,34,221,15,90,134,890,34,204,15,89,0.6148,0.7371
VVFLHVTYV,133,782,23,129,10,101,125,725,31,202,10,105,0.6743,0.9614
GVVFLHVTY,133,858,16,102,11,79,129,768,22,140,11,80,0.6447,0.8105
GRLQSLQTY,130,744,27,121,15,99,124,806,32,241,15,97,0.62,0.9044
ASAFFGMSR,127,816,37,240,22,133,146,898,20,93,22,134,0.7907,0.9287
CFTNVYADSF,125,783,23,106,17,60,126,701,23,136,17,57,0.6776,0.938
KLNDLCFTNV,122,711,30,192,13,88,121,770,30,188,13,87,0.701,0.9913
SFNPETNIL,121,770,29,165,18,135,127,820,23,99,18,135,0.8222,0.8416
SMWSFNPET,121,675,33,199,23,106,128,818,26,176,23,106,0.8398,0.9099
YFPLQSYGF,121,711,30,126,14,53,125,705,26,134,14,54,0.7591,0.756
AQFAPSASA,121,705,31,203,11,64,129,708,22,98,11,64,0.8937,0.9496
EYVSQPFLM,117,603,27,174,17,73,116,742,29,151,17,75,0.7332,0.842
TMADLVYAL,117,650,17,122,14,49,110,606,24,168,14,47,0.6552,0.7857
ILGLPTQTV,116,729,36,250,22,126,123,669,29,171,22,121,0.6723,0.8159
VYADSFVIR,114,667,31,172,19,150,116,713,28,153,19,150,0.7365,0.9216
LNDLCFTNVY,114,698,31,185,11,108,119,585,26,138,11,109,0.8193,0.9473
SASAFFGMSR,114,659,34,164,10,73,122,729,26,174,10,73,0.842,0.9091
LITGRLQSL,113,632,39,185,16,76,119,719,33,168,16,74,0.6833,0.8045
APHGVVFL,112,603,16,142,5,58,108,539,22,142,5,57,0.8136,1
VYSTGSNVF,111,742,26,144,16,119,102,498,35,168,16,120,0.5921,0.8749
FTNVYADSF,109,611,27,149,12,68,108,597,27,137,12,70,0.6673,0.8925
ILHCANFNV,108,621,25,143,14,75,115,666,20,107,14,74,0.6807,0.6687
YTMADLVYA,107,672,28,149,11,57,110,628,25,155,11,60,0.6648,0.9194
NVYADSFVIR,107,630,33,158,15,78,112,635,27,160,15,78,0.7928,0.947
YVVDDPCPI,106,641,26,163,11,90,101,613,30,241,11,88,0.7091,0.8925
STGSNVFQTR,104,555,24,144,10,80,107,521,20,142,10,78,0.8776,0.8361
CTFEYVSQPF,103,522,34,218,13,62,114,754,22,103,13,62,0.5589,0.8973
FEYVSQPFL,102,570,27,192,17,126,104,612,24,180,17,125,0.6705,0.8371
NRDVDTDFVNEFY,101,674,8,75,16,44,88,532,20,135,16,43,0.7328,0.7713
NPANNAAIV,101,595,25,137,12,78,96,488,30,164,12,78,0.484,0.7735
TGSNVFQTR,101,615,22,113,12,30,99,588,23,166,12,29,,
FLCLFLLPSL,99,516,29,184,14,73,105,661,23,134,14,75,0.6028,0.8415
VVDDPCPIHFY,96,508,25,132,16,99,103,628,17,49,16,98,0.7267,0.8501
VDDPCPIHFY,95,641,20,166,15,95,91,557,25,162,15,99,0.6384,0.8203
RNPANNAAIV,94,514,27,153,18,88,99,579,22,126,18,88,0.6305,0.7806
FLLPSLATV,92,583,27,115,14,94,90,512,29,130,14,94,0.6755,0.7979
FTNVYADSFV,91,513,37,293,12,49,100,631,28,129,12,49,0.74,0.9836
SEYKGPITDVFY,90,509,28,150,15,93,98,532,20,104,15,93,0.5563,0.6802
KLNVGDYFV,89,519,20,111,16,65,85,522,23,168,16,65,0.8253,0.7551
APHGVVFLHV,89,594,21,123,12,45,96,578,19,64,12,44,0.6255,0.8222
GNYTVSCLPF,87,539,25,135,8,58,91,473,21,98,8,57,0.6441,0.766
NPANNAAIVL,86,477,28,132,16,73,100,537,14,85,16,75,0.5714,0.8418
NYTVSCLPF,86,555,25,129,13,95,86,463,25,138,13,95,0.6664,0.9503
YFIASFRLFA,86,519,26,181,11,63,88,580,25,178,11,64,0.7178,0.875
STDTGVEHVTFFIY,86,371,17,79,12,50,80,423,23,149,12,50,0.6132,0.8547
SYFIASFRLF,85,473,19,113,8,40,74,438,30,134,8,40,,
VEHVTFFIY,85,526,25,152,8,60,88,566,19,147,8,60,0.8292,0.9312
YTVSCLPFTI,83,524,23,123,12,59,89,591,17,74,12,59,0.6721,0.6705
ALSKGVHFV,83,531,14,69,4,49,75,397,23,99,4,50,0.9333,0.7255
DTDFVNEFYAY,83,492,29,181,17,108,91,524,19,137,17,106,0.7664,0.8034
SEVGPEHSLAEY,83,448,22,131,17,133,88,512,17,150,17,133,0.7383,0.6425
YFIASFRLF,83,450,24,160,11,73,93,568,14,84,11,73,0.8256,0.9239
ITDVFYKENSY,82,517,17,94,13,65,73,423,26,137,13,64,0.6055,0.7746
FIAGLIAIV,81,514,12,60,9,35,75,491,18,108,9,35,,
TLVPQEHYV,81,498,23,113,15,88,81,451,22,164,15,91,0.6265,0.8374
GVEHVTFFIY,81,483,21,123,7,67,77,412,25,115,7,67,0.6929,0.9893
HVTFFIYNK,77,510,17,109,9,49,83,562,9,83,9,49,0.7731,0.9076
VEAEVQIDRL,74,442,17,144,11,55,78,439,17,93,11,54,0.8051,0.8909
SPFHPLADNKFAL,74,408,10,63,8,40,66,468,18,88,8,40,,
EILDITPCSF,73,451,30,222,12,79,80,480,23,118,12,77,0.6943,0.8148
HPLADNKFAL,72,367,15,107,10,75,72,352,15,84,10,74,0.57,0.8759
ITEEVGHTDLMAAY,71,443,13,93,5,39,72,375,13,72,5,39,,
QPYRVVVLSF,70,400,16,83,8,34,72,382,14,65,8,34,,
ATSRTLSYYK,70,406,10,49,6,45,65,345,14,139,6,42,0.6444,
NLNESLIDL,70,487,17,132,11,59,69,477,17,89,11,60,0.6576,0.5718
QPYRVVVL,69,446,11,79,16,89,60,335,20,104,16,87,0.7669,0.9174
TPINLVRDL,69,302,14,79,9,54,69,414,14,64,9,54,0.6556,0.699
TSRTLSYYK,68,434,17,128,4,24,71,397,14,80,4,25,,
VVYRGTTTY,66,393,16,89,13,95,63,343,18,94,13,95,0.7036,0.753
AEVQIDRLIT,65,354,14,39,10,59,65,489,15,92,10,60,0.6828,0.6615
VQIDRLITGR,65,436,17,110,13,83,63,401,18,104,13,85,0.6861,0.8875
KPFERDISTEI,64,345,16,110,12,69,63,387,17,114,12,68,0.7689,0.8739
AEIRASANLA,64,361,12,60,7,64,61,341,16,100,7,65,0.6394,0.6627
FTISVTTEIL,63,421,16,115,7,10,64,362,15,115,7,10,,
FLNRFTTTL,63,407,13,89,9,35,58,352,18,105,9,35,,
IQYIDIGNY,63,373,20,117,9,35,68,370,15,98,9,35,,
PYRVVVLSF,61,384,10,49,10,40,54,314,17,75,10,39,0.7778,
ATSRTLSYY,61,373,19,104,8,67,56,324,24,94,8,67,0.8109,0.9433
AEVQIDRLI,61,368,20,142,12,70,56,260,25,114,12,69,0.5839,0.9195
SEISMDNSPNL,60,398,13,104,2,15,58,249,14,95,2,15,,
FIASFRLFA,60,344,19,140,14,64,68,372,12,35,14,64,0.6132,0.7941
EEHVQIHTI,60,466,9,55,4,44,56,341,13,70,4,43,,
AYILFTRFFYV,60,375,13,65,7,15,61,359,12,70,7,15,,
TVATSRTLSY,59,397,13,78,8,55,61,308,11,65,8,55,0.7895,0.8655
YANRNRFLY,57,323,11,70,4,30,54,323,12,104,4,29,,
QWNLVIGFLF,57,447,8,30,4,35,54,339,11,83,4,35,,
FAYANRNRF,56,302,17,114,3,19,54,305,18,139,3,20,,
FERDISTEIY,56,334,18,94,4,30,62,390,12,44,4,30,,
FPQSAPHGV,56,318,17,113,6,45,58,354,15,64,6,44,0.6593,0.6667
LQFAYANRNR,56,305,13,108,2,10,54,361,14,65,2,10,,
ASANLAATK,55,374,12,110,5,25,53,330,14,112,5,24,,
GYQPYRVVVL,54,324,24,129,10,39,65,395,13,92,10,40,,0.75
FPQSAPHGVVF,53,269,13,84,6,35,49,229,17,109,6,34,,
FERDISTEI,52,264,22,109,8,45,52,338,22,114,8,45,0.5778,0.9111
TLDSKTQSL,51,303,15,35,9,30,50,307,16,110,9,30,,
EELKKLLEQW,51,295,12,64,4,19,52,363,10,108,4,20,,
AEIRASANL,49,299,8,60,7,34,45,275,11,69,7,35,,
SSANNCTFEY,48,303,17,75,3,15,54,319,11,74,3,15,,
QELIRQGTDY,48,285,14,44,4,10,45,205,17,75,4,10,,
KTSVDCTMYI,47,308,10,59,8,54,45,309,12,80,8,53,0.5093,0.6321
SEPVLKGVKL,47,298,14,70,8,35,50,334,12,70,8,35,,
LPPAYTNSF,47,274,9,45,1,5,44,215,12,35,1,5,,
CMTSCCSCLK,47,260,15,74,3,15,49,313,13,60,3,15,,
VLAWLYAAV,47,243,11,70,11,60,44,347,14,113,11,60,0.5982,0.7478
MTSCCSCLK,46,393,13,89,5,25,49,329,10,45,5,24,,
VYSSANNCTF,46,229,20,105,8,45,54,299,12,55,8,45,0.8106,0.736
HLVDFQVTI,46,324,15,105,6,40,50,293,9,49,6,40,,
AEIPKEEVKPF,46,252,9,64,4,9,47,269,9,60,4,9,,
CNDPFLGVYY,46,237,13,65,7,45,45,229,14,64,7,44,0.5397,0.8182
KLLEQWNLV,46,282,7,45,5,25,38,224,13,79,5,25,,
CPDGVKHVY,46,309,11,70,7,20,48,243,9,45,7,20,,
QELIRQGTDYKHW,45,224,10,30,4,20,40,210,15,95,4,20,,
ASKIITLKK,44,284,6,50,4,20,40,202,6,63,4,20,,
WMESEFRVY,44,275,7,39,4,25,39,204,12,60,4,24,,
TQDLFLPFF,43,303,10,50,3,20,44,257,9,25,3,20,,
QECVRGTTVL,43,240,16,85,7,14,44,296,15,85,7,15,,
ALNTPKDHI,43,270,10,99,7,64,44,210,9,89,7,64,0.6727,0.6667
CNDPFLGVY,43,260,7,25,2,15,41,254,9,80,2,15,,
ATEGALNTPK,42,250,12,89,4,35,44,214,11,55,4,35,,
FAFACPDGVKHVY,42,278,24,138,1,5,48,344,18,95,1,5,,
SWMESEFRVY,42,239,11,60,5,30,43,279,10,35,5,30,,
FCNDPFLGVY,41,235,14,55,11,40,46,168,9,85,11,39,0.5614,0.5833
VFITLCFTLK,40,215,8,50,5,50,38,174,10,105,5,50,,
SASKIITLK,40,234,6,30,4,40,39,224,8,25,4,39,,
SETKCTLKSF,39,262,14,74,7,25,43,284,10,34,7,25,,
LPAADLDDF,38,253,13,55,3,15,43,233,8,30,3,15,,
NYIAQVDVV,37,215,12,75,3,15,38,199,11,95,3,15,,
IAMACLVGLM,37,220,5,40,8,45,38,179,4,15,8,45,,
KSWMESEFRV,36,195,15,90,4,5,44,240,7,35,4,5,,
ELIRQGTDY,36,194,15,60,5,50,34,230,17,90,5,50,0.9216,0.9804
YHLMSFPQSA,35,219,9,75,2,,37,225,7,30,2,,,
TLKSFTVEK,35,240,7,20,7,55,38,220,4,29,7,55,,
RIFTIGTVTLK,34,229,12,75,6,30,38,244,8,45,6,30,,
DGVKHVYQL,34,157,10,35,2,10,37,217,7,35,2,10,,
CTLKSFTVEK,33,194,17,65,7,53,39,194,11,75,7,54,0.8125,0.6667
VFITLCFTL,33,230,14,78,5,30,33,189,14,79,5,29,,
STQDLFLPFF,32,209,5,25,4,15,34,204,3,10,4,15,,
YEGNSPFHPL,32,225,6,35,3,19,35,215,3,5,3,20,,
IVDTVSALV,32,203,7,20,5,25,33,204,6,55,5,25,,
LVLSVNPYV,31,160,6,30,4,25,31,165,6,44,4,25,,
LLMPILTLT,31,180,6,30,6,49,32,230,5,45,6,50,,
NQKLIANQF,30,130,3,20,3,9,23,165,6,60,3,10,,
SLVKPSFYV,30,210,5,25,2,10,30,215,5,30,2,10,,
NSSPDDQIGY,30,115,5,10,5,25,29,135,6,40,5,25,,
TQTNSPRRAR,30,178,6,20,1,10,35,160,1,,1,10,,
INITRFQTL,30,160,7,44,5,20,31,165,6,20,5,20,,
TSNQVAVLY,30,110,4,20,1,5,26,170,8,35,1,5,,
SSNVANYQK,29,165,9,50,1,10,34,145,4,35,1,10,,
GTHWFVTQR,29,204,11,95,5,35,32,185,8,55,5,35,,
QTNSPRRAR,28,228,4,20,4,34,24,150,8,30,4,34,,
AQVDVVNFNL,28,213,8,49,2,25,25,140,11,65,2,25,,
GVYDYLVST,28,204,5,50,4,25,29,120,4,20,4,25,,
SSPDDQIGYY,28,170,5,30,2,5,25,160,8,69,2,5,,
AIAMACLVGL,28,195,9,50,4,25,30,205,7,30,4,25,,
SPRRARSVA,28,175,4,25,1,5,24,180,8,50,1,5,,
VYYPDKVFR,27,110,,,2,5,25,170,2,10,2,5,,
LLFNKVTLA,27,170,9,75,4,10,28,195,8,35,4,10,,
AELEGIQY,27,174,3,25,7,55,21,145,9,20,7,55,,
IPIGAGICASY,26,140,5,40,4,20,23,140,8,40,4,20,,
ADAGFIKQY,26,165,6,25,4,18,27,174,5,25,4,20,,
HLRIAGHHL,26,180,5,15,2,20,23,105,8,65,2,20,,
SSPDDQIGY,26,169,5,35,5,20,26,90,5,39,5,20,,
HLMSFPQSA,26,125,10,74,5,15,23,120,13,60,5,15,,
DLPIGINITR,25,170,8,35,5,15,30,139,3,15,5,15,,
YPDKVFRSSV,25,140,4,20,4,10,24,120,5,30,4,10,,
VTIAEILLI,25,110,17,88,5,15,37,235,4,35,5,14,,
IPIQASLPF,24,145,16,109,6,35,31,155,9,80,6,35,,
TLADAGFIK,24,110,7,50,5,20,23,140,8,70,5,20,,
FADDLNQLTGY,24,135,9,70,5,15,24,145,9,45,5,15,,
TLGVYDYLV,23,120,5,25,5,20,22,140,6,24,5,20,,
SYQTQTNSPR,23,165,8,65,2,30,29,155,2,15,2,30,,
SEETGTLIV,23,124,8,45,1,,23,144,8,60,1,,,
SVSPKLFIR,22,130,2,,2,25,24,159,,,2,25,,
RQIAPGQTGK,22,129,7,44,2,10,24,179,5,15,2,10,,
IGAEHVNNSY,22,165,7,35,,,23,120,6,30,,,,
LYNSASFSTF,22,119,1,10,2,10,19,155,4,20,2,10,,
GQTGKIADY,21,109,7,70,3,10,25,120,3,5,3,10,,
RLDKVEAEV,21,80,2,20,1,,18,80,5,15,1,,,
NYSGVVTTVMF,21,120,2,10,4,15,19,120,4,10,4,14,,
QTGKIADYNY,21,99,7,35,2,10,17,90,11,55,2,10,,
LPIGINITRF,21,130,6,10,2,5,19,154,8,60,2,5,,
TYVPAQEKNF,21,160,4,30,5,25,17,94,8,35,5,25,,
LADAGFIKQY,20,155,8,40,2,9,20,124,8,55,2,8,,
GVYYHKNNK,20,80,2,20,1,,19,120,3,20,1,,,
IGAGICASY,20,110,10,55,2,5,26,180,4,20,2,5,,
TTLPKGFYA,19,100,2,5,4,24,18,110,3,50,4,25,,
IPFAMQMAY,19,115,1,5,2,10,15,100,5,50,2,10,,
KVFRSSVLH,19,129,6,45,,,18,100,7,40,,,,
KEIDRLNEV,19,105,7,35,1,10,19,104,7,50,1,10,,
QLPQGTTLPK,19,135,5,40,1,,19,145,5,30,1,,,
LLLQYGSFC,19,120,3,5,2,10,20,100,2,25,2,10,,
HVTYVPAQEK,19,140,7,35,1,10,23,135,3,15,1,10,,
VPLHGTIL,19,107,11,65,1,15,26,150,4,40,1,15,,
NTNSSPDDQIGYY,19,105,5,20,5,20,16,60,8,25,5,20,,
VTYVPAQEK,19,100,7,40,,,21,94,5,15,,,,
GTTLPKGFY,19,95,6,40,,,22,130,4,5,,,,
GAEHVNNSY,18,120,3,20,,,19,145,2,20,,,,
RARSVSPKL,18,75,1,10,2,15,16,104,3,10,2,15,,
YYHKNNKSW,18,95,9,30,2,25,23,130,4,15,2,25,,
MDLFMRIFTI,18,90,2,15,3,10,14,69,6,70,3,10,,
LKKRWQLAL,18,95,6,45,1,,20,110,3,50,1,,,
DLFMRIFTI,18,84,6,40,4,15,19,115,5,15,4,15,,
LQIPFAMQM,18,115,5,30,1,5,19,110,4,20,1,5,,
APGQTGKIA,17,75,6,25,5,25,18,88,5,34,5,25,,
IPRRNVATL,17,145,3,5,,,14,105,6,35,,,,
QQQQGQTVTK,17,105,,,2,10,16,95,2,10,2,10,,
VLQLPQGTTL,16,110,2,10,3,5,14,84,4,30,3,5,,
YPDKVFRSS,16,103,5,20,2,10,16,60,5,40,2,10,,
TLKKRWQLAL,16,80,4,5,3,30,18,105,2,15,3,30,,
FTYASALWEI,16,125,6,25,,,18,100,4,15,,,,
KIADYNYKL,15,105,5,45,2,,13,80,7,20,2,,,
NSASFSTFK,15,60,2,5,1,15,13,90,4,10,1,15,,
HTDFSSEIIGY,15,85,1,,,,11,60,5,10,,,,
LQLPQGTTL,15,80,5,20,5,10,14,84,6,20,5,10,,
TLKKRWQLA,15,105,2,,3,25,12,75,5,30,3,25,,
TTLPVNVAF,15,55,4,10,2,30,15,100,4,40,2,30,,
FPRGQGVPI,15,105,1,5,1,10,11,55,5,25,1,10,,
NLDSKVGGNY,14,70,6,44,7,40,19,129,1,10,7,40,,
QQQGQTVTK,14,80,1,,3,15,13,95,2,10,3,15,,
SSTFNVPMEKLK,14,85,4,75,3,10,16,80,3,20,3,10,,
VLQAVGACV,14,65,1,,1,,14,105,1,5,1,,,
GVAMPNLYK,14,70,5,34,3,15,17,135,2,20,3,15,,
YYRRATRRIR,13,85,1,5,3,20,8,50,6,40,3,20,,
YSVLYNSASF,13,55,5,20,,,12,65,6,35,,,,
ITLKKRWQL,13,105,5,20,3,30,14,105,4,15,3,30,,
TFYLTNDVSFL,13,89,2,20,2,,12,75,3,5,2,,,
LLQYGSFCT,13,75,5,5,3,10,16,80,2,25,3,10,,
ISDYDYYRY,13,64,5,35,3,25,13,80,5,15,3,24,,
RISNCVADY,13,40,2,5,1,10,13,45,2,5,1,10,,
FVRATATIPI,13,70,2,5,2,15,15,70,,,2,15,,
SVLNDILSR,13,60,,,2,20,10,60,3,20,2,20,,
FLLNKEMYL,12,50,8,20,1,,13,55,7,45,1,,,
GMSRIGMEV,12,90,,,1,15,9,60,3,15,1,15,,
GTITSGWTF,12,80,4,20,,,12,90,4,25,,,,
VGVALLAVF,12,100,3,10,3,35,12,45,3,5,3,35,,
RIAGHHLGR,12,95,4,30,5,55,13,70,3,10,5,55,,
TEKSNIIRGW,12,80,,,1,,12,55,,,1,,,
TVYDPLQPELDSFK,12,89,5,20,1,10,10,70,7,30,1,10,,
FQPTNGVGY,11,100,4,20,1,5,12,85,3,20,1,5,,
NLWNTFTRL,11,65,,,2,10,9,65,2,15,2,10,,
LLSAGIFGA,11,70,4,15,2,15,13,70,2,10,2,15,,
ALLADKFPV,11,55,1,,3,10,8,25,4,25,3,10,,
VAGDSGFAAY,11,110,4,34,1,,13,80,2,5,1,,,
KFPRGQGVPI,11,45,8,55,3,10,17,105,2,15,3,10,,
RIRGGDGKM,10,85,3,10,2,30,8,45,5,45,2,30,,
RILGAGCFV,10,55,5,20,,,14,90,1,5,,,,
LGAENSVAY,9,25,1,,2,15,9,60,1,,2,15,,
MMISAGFSL,9,55,3,25,2,15,8,30,4,10,2,15,,
KQIYKTPPIK,9,45,1,5,,,8,55,2,25,,,,
QEVFAQVKQIY,9,60,1,,,,7,40,3,5,,,,
AIMTRCLAV,9,60,2,5,2,15,8,50,3,25,2,15,,
AQALNTLVK,9,55,3,30,,,10,90,2,20,,,,
SVLYNSASF,8,70,2,40,1,10,10,60,,,1,10,,
YLKLTDNVYIK,8,65,,,,,7,30,1,5,,,,
GDCEEEEFEPSTQY,8,55,2,5,1,,7,50,3,20,1,,,
TEILPVSMTK,8,30,3,25,1,10,10,115,1,15,1,10,,
PYNSVTSSI,8,35,1,,2,15,7,40,2,20,2,15,,
GTITVEELK,8,35,1,15,,,5,10,4,5,,,,
SRIGMEVTPSGTW,8,60,1,5,,,7,55,2,15,,,,
LLCRMNSRNY,8,35,,,2,10,6,15,2,5,2,10,,
DSGFAAYSR,8,40,4,20,2,20,8,50,4,30,2,20,,
VLNDILSRL,8,25,4,20,4,10,9,50,3,15,4,10,,
ALNTLVKQL,8,55,5,20,1,5,10,60,3,15,1,5,,
TSDLATNNLVVMAY,8,30,,,1,15,8,60,,,1,15,,
KMKDLSPRW,7,55,2,5,,,6,44,2,,,,,
LDYIINLII,7,40,,,1,10,7,50,,,1,10,,
RMNSRNYIA,7,35,2,,,,8,40,1,,,,,
IVGVALLAVF,7,75,2,20,,,9,20,,,,,,
RIRGGDGKMK,7,70,,,1,15,6,25,1,5,1,15,,
ASQRVAGDSGFAAY,7,30,6,35,2,20,12,90,1,5,2,20,,
VFAQVKQIYK,7,10,2,5,1,5,7,50,2,10,1,5,,
LLALHRSYL,7,25,3,10,,,10,65,,,,,,
CALDPLSETK,7,40,1,10,4,5,7,35,1,15,4,5,,
REGVFVSNGTHW,7,70,,,1,5,6,50,1,5,1,5,,
YYQLYSTQL,7,60,1,,,,6,45,2,10,,,,
RLFRKSNLK,6,55,4,30,1,15,8,45,2,20,1,15,,
LFARTRSMW,6,25,,,,,6,45,,,,,,
WTAGAAAYY,6,20,1,10,1,10,4,30,3,10,1,10,,
EEEFEPSTQYEY,6,20,,,,,6,50,,,,,,
IYKTPPIKDF,6,40,4,15,,,10,75,,,,,,
LLLCRMNSR,6,25,1,,1,,6,35,1,5,1,,,
ATVVIGTSK,6,25,1,5,4,25,7,70,,,4,25,,
VVDKYFDCY,5,5,,,,,4,10,1,10,,,,
IYSKHTPINL,5,20,1,5,3,5,5,25,1,15,3,5,,
NMLRIMASL,5,30,,,,,5,35,,,,,,
FLGRYMSAL,5,30,,,1,5,4,25,1,15,1,5,,
SLLLCRMNSR,5,30,1,,2,,4,50,2,10,2,,,
AENSVAYSN,5,35,3,30,,,6,40,2,10,,,,
ASFNYLKSPNFSK,5,65,,,,,4,50,1,5,,,,
WTAGAAAYYV,5,35,,,,,5,35,,,,,,
AENSVAYSNN,5,20,1,10,1,10,5,35,1,20,1,10,,
RVGARKSAPL,4,30,,,,,4,45,,,,,,
AVLQSGFRK,4,20,1,,,,4,10,1,5,,,,
NGVEGFNCY,4,30,,,,,2,15,2,10,,,,
LSDDAVVCFNSTY,4,15,1,,1,,3,35,2,10,1,,,
KLFIRQEEV,4,20,3,20,,,5,20,2,25,,,,
YVFCTVNAL,4,35,3,15,,,5,20,2,5,,,,
YYRARAGEAANF,4,30,2,5,,,6,14,,,,,,
LSSTASALGK,4,35,,,,,2,10,2,10,,,,
KLFAAETLK,4,20,1,,1,10,4,25,1,5,1,10,,
NLSKSLTENK,4,30,1,5,,,4,5,1,10,,,,
RLFARTRSM,4,25,1,,,,2,10,3,15,,,,
LPQGFSAL,4,15,2,,1,,5,20,1,15,1,,,
FSKQLQQSM,4,30,,,2,10,2,,2,10,2,10,,
AGAAAYYVGY,4,10,,,,,3,25,1,5,,,,
KMQRMLLEK,4,20,2,5,,,5,35,1,10,,,,
ILASFSAST,3,10,1,20,1,10,4,20,,,1,10,,
RLNEVAKNL,3,25,,,,,,,3,10,,,,
LIDLQELGKY,3,10,1,,,,3,20,1,,,,,
TSPISEHDY,3,15,1,15,,,1,5,3,25,,,,
ALDPLSETK,3,15,,,1,,2,15,1,15,1,,,
QELGKYEQYIKW,3,15,1,5,1,15,2,20,2,,1,15,,
SLIDLQELGK,3,15,1,5,,,3,20,1,5,,,,
ALRANSAVK,3,25,1,,1,5,3,10,1,15,1,5,,
FTEQPIDLVPNQPY,3,25,1,,,,4,,,,,,,
ILPDPSKPSK,3,5,,,,,2,5,1,,,,,
LSKSLTENKY,3,5,,,,,2,10,1,5,,,,
IPYNSVTSSI,2,10,5,15,1,5,5,45,2,10,1,5,,
FVFKNIDGY,2,15,,,,,1,,,15,,,,
TQNVLYENQK,2,10,,,,,1,,1,10,,,,
RLYYDSMSY,2,10,1,,1,15,2,,1,5,1,15,,
AIILASFSA,2,15,3,10,,,4,30,1,5,,,,
SSTASALGK,2,15,,,,,2,10,,,,,,
AEGSRGGSQA,2,5,1,15,,,3,14,,,,,,
MLWCKDGHV,2,5,,,,,2,10,,,,,,
DSFKEELDKY,2,10,,,1,,1,,1,5,1,,,
NSRIKASM,2,25,,,,,2,,,,,,,
SSRGTSPAR,2,5,,,,,2,5,,,,,,
SQASSRSSSR,2,5,1,,,,2,25,1,5,,,,
WIFGTTLDSK,2,10,,,,,2,15,,,,,,
LQLGFSTGV,2,25,3,25,2,15,5,10,,,2,15,,
LPNNTASWF,2,10,,,1,5,1,20,1,5,1,5,,
QELGKYEQYI,2,5,1,,,,3,5,,,,,,
RFDNPVLPF,2,5,,,,,2,5,,,,,,
GPKKSTNLV,2,35,1,,1,5,2,,1,10,1,5,,
ALWEIQQVV,2,10,,,,,2,25,,,,,,
AVILRGHLR,2,10,1,5,,,1,5,2,9,,,,
YQKVGMQKY,1,5,,,,,1,,,,,,,
GTGPEAGLPY,1,10,1,15,,,,,2,5,,,,
RVDFCGKGY,1,10,,,1,,1,5,,,1,,,
TTSPISEHDY,1,,3,20,,,3,10,1,5,,,,
ILLNKHIDA,1,5,1,,,,1,5,1,10,,,,
IIKNLSKSL,1,,,,,,1,5,,,,,,
YVYSRVKNL,1,,,,,,,,1,,,,,
GSFCTQLNR,1,10,,,,,1,5,,,,,,
ILLNKHID,1,5,,,,,,,1,5,,,,
RYRIGNYKL,1,10,,,1,5,1,10,,,1,5,,
TQLNRALTGI,1,5,1,15,,,2,5,,,,,,
FRYMNSQGL,,,1,,,,,,1,10,,,,
IQPGQTFSV,,,1,15,1,5,1,10,,,1,5,,
IITTDNTFV,,,,,1,,,,,,1,,,